id,email,password,created_at,updated_at
1553a137-9503-4763-b524-9e648c82ab43,kbroun0@reuters.com,t3AePq,2019-08-15 20:19:20,2020-07-23 08:54:13
cc7421af-67d1-44ff-8f33-f2f0cf5c3740,fteaz1@economist.com,CCFxJWJfkd5,2020-11-24 23:24:03,2020-07-31 10:33:26
b137eec4-0269-4d79-801b-6100ca0c590c,llaverock2@buzzfeed.com,N1is5ojDm,2018-03-15 18:14:56,2019-07-22 04:11:50
a4cd7b46-d5c5-4a2b-9e41-26488dbfc74d,hbream3@utexas.edu,yMXiJq,2018-10-05 19:31:08,2018-01-06 13:15:59
1ca6fbe4-42c1-4112-b2e7-09c8fb56104a,tmcclaren4@microsoft.com,j6yMoTkO9U,2020-06-20 22:57:11,2019-01-31 07:00:12
8c1918d3-7941-43fa-a4f2-f85859aa4851,dgeldart5@etsy.com,TPvmjOFv,2019-06-10 01:14:59,2018-09-28 22:25:14
ddd48a45-2a58-48f8-8ac8-fcdb7d6da103,yonion6@goodreads.com,E1HDGrFDvR,2018-09-21 00:46:01,2020-09-24 02:55:30
615904dd-5128-4aa3-9a19-d5ade4215943,hkorfmann7@businessweek.com,WO70nVfT,2019-09-14 03:47:35,2019-05-08 04:09:43
086666c7-75ea-42d2-8146-12a846cd9406,mwannes8@reuters.com,S6DMhS,2019-04-28 14:32:19,2018-09-18 09:44:46
22fdfc00-db2d-4c3e-97c7-ad850ef3920d,dtamburo9@yelp.com,8pjpk29pzh,2018-06-13 17:57:22,2020-08-10 16:48:31
161a3dbd-f696-45c4-a6d6-8139b7ff6383,gandria@gmpg.org,RhimvSzUUfm,2020-01-31 21:02:29,2018-07-29 11:17:36
f481df77-6ad5-402b-8c26-1ba258009018,ndebenedittib@hp.com,wTfKMPlbUcQ,2019-06-08 06:11:27,2019-03-16 07:53:16
72c6bfb6-c916-4ee9-acb2-197869b4547e,kniecec@unesco.org,OVuN8fB6Lt,2019-11-14 21:59:50,2019-06-09 13:17:27
1e5722b1-f93a-438d-a458-a1708b38dbd2,lpidgeond@washingtonpost.com,KaJnxYRhbnC,2019-04-09 02:00:06,2018-02-28 12:32:12
d87f1241-114c-433c-a192-edb4f08a9f46,ajosipovitze@nbcnews.com,LeuUXey,2018-09-26 08:21:40,2020-08-14 00:08:49
5656555c-f1bc-4c74-8a2b-7e8ddd122b1f,ikembleyf@chronoengine.com,kY7aOwpb1E,2018-01-20 02:21:18,2019-10-19 02:45:34
11848a22-89de-44f7-985c-832bd4a93e1e,tworleyg@addtoany.com,Z6WSaWKpaE,2020-06-28 07:33:11,2019-11-30 09:16:58
e113443f-03a0-4ac3-bb0d-3674a1856de2,amuslimh@mysql.com,BEKgUpxj,2020-11-19 15:10:51,2020-09-08 17:36:59
7a8297d9-df20-48ac-a4f7-75c57952107b,adransfieldi@google.co.uk,GkkTWKNc5RJ,2019-09-07 17:13:14,2018-04-06 04:03:10
944b3683-b0dc-4e00-8bef-0689999af0ae,mmebesj@hhs.gov,riDAsWqEvQR,2019-09-22 21:08:52,2020-10-03 18:11:19
f1147814-02ea-4450-91c9-132c120a55e9,zclewleyk@berkeley.edu,1gC64u1UC1z0,2020-04-26 19:52:59,2020-04-23 11:23:45
be56e939-5dea-4b5a-83b3-98e139eaf827,cduckerinl@hexun.com,l2Q6cyhMzqR,2020-05-24 08:18:14,2019-09-28 16:44:41
851d7073-e505-4781-81fc-c3b8fcbaf4bc,rforrestallm@statcounter.com,MaoQ7yw,2019-05-03 00:44:40,2018-10-01 12:00:41
733c6486-19a3-46a1-9f69-33f0f6b378fc,khinkinsn@zdnet.com,8ur11b6,2018-06-18 23:09:19,2018-07-22 15:26:37
52e6d36a-c7e8-4eba-a38b-04d0ff34d9e8,lledgleyo@soup.io,TgMyWLcAcNtV,2019-06-08 15:12:36,2020-09-19 16:33:12
37496694-609b-48ee-ad72-dacbdd25fccc,mmaffionep@odnoklassniki.ru,XyLdq9T9GG2T,2018-01-25 01:24:06,2019-01-31 04:12:33
24782e74-39a4-4e8e-9134-bb4043e5adcd,cmivalq@google.nl,g9c8Skj,2018-04-09 14:01:58,2018-06-25 09:10:48
72b379f4-7329-48fb-85b0-1fa6bee9515f,kficklingr@trellian.com,iAIwJpAK,2020-05-10 15:38:56,2019-10-07 10:42:40
753a9879-2d64-4fe2-aff7-986974a5a4e1,jstansfields@netlog.com,8HiXoy8m,2018-01-17 05:26:52,2020-11-07 15:08:55
e33f624d-9527-4c14-adf6-d251e9e7d9d8,adugaldt@paginegialle.it,vPNRu7WyK,2019-09-27 01:47:11,2019-11-09 18:46:27
ad30a7ad-e35c-4be4-80c5-3d323a81ee54,esnellmanu@alexa.com,IJtCWWag,2018-07-10 00:38:10,2018-03-16 01:25:41
484bcc57-4591-4ca0-9bad-c4907793c6d3,hslimmev@ameblo.jp,u181qZ6bsv,2019-03-10 15:52:18,2018-11-06 14:56:12
3cb6f238-4a1d-4e19-8b37-f47c0e630f9e,edellortow@yahoo.com,zkhLYcYw25,2019-10-15 22:04:26,2018-04-06 08:18:38
cdab35aa-c58c-44a6-9c42-03f700febded,siglesiasx@privacy.gov.au,bH6jwBw,2020-06-28 13:57:44,2020-08-30 09:54:49
9809d19f-c645-44d3-ae0e-558a333530fc,estubbiny@mayoclinic.com,qYHZBBr3CW,2019-04-09 16:27:44,2019-12-08 11:31:52
c1634716-0480-4749-a523-e7e8d865a1a0,lburnesz@mtv.com,DIJM6mi,2018-04-10 01:31:02,2020-03-15 17:21:59
a3b96d98-721e-4b8e-b5fc-4a240cc6e26e,cvernau10@usnews.com,zMHHzuXz,2019-09-09 11:51:25,2018-06-05 08:53:09
586ae666-fe62-4c12-b03c-f2d202ab9fa6,acappleman11@w3.org,nBpq0y,2020-10-22 11:03:23,2018-02-19 04:18:06
c7f8ce46-adc3-4a36-8938-872dc2f6280e,bpocklington12@shutterfly.com,IorZY6m,2019-12-19 08:39:18,2019-02-24 22:44:00
997e4711-e9f7-4a54-bc89-ea0f44070215,cmacilhargy13@shutterfly.com,yaC03k4rOEz,2018-02-03 20:31:39,2020-01-05 06:26:37
c5412dfc-de80-44c1-a468-1687daade5a8,hblankenship14@hatena.ne.jp,8SOa9N3Of,2019-01-02 11:37:46,2018-01-03 03:56:31
4dba5695-d6b3-4d9f-b525-fc4bba8f906b,ajzak15@example.com,cfsI8M,2020-11-14 21:35:11,2019-02-14 12:35:16
91c82bfa-662b-4c46-b414-22c20f45422c,tpobjoy16@unblog.fr,4EXcVhFuO,2020-02-16 17:41:49,2020-09-23 18:22:44
40ad54ac-7ace-4aa6-959d-69e7610eb0fe,rgarcia17@answers.com,CmctZYznuVP,2020-04-26 18:40:38,2019-04-27 15:15:20
3effe718-6675-40f4-b146-f6c046217ed2,gakenhead18@cornell.edu,uEmLGrD,2019-09-23 19:48:47,2020-04-06 01:30:46
c13e488d-e58b-43e9-a4d9-76a56bff5726,mjaine19@slate.com,2wPd4N,2018-04-16 06:51:52,2018-02-19 06:29:00
1f21347c-100a-431d-8604-5c350af09dfb,bathridge1a@nba.com,93c5VwKFoAE,2018-05-26 01:04:49,2020-06-04 10:22:27
b857d062-8b00-47bf-9737-9f774e8c6597,dalves1b@cnbc.com,RcCgek,2020-11-11 10:44:52,2019-10-18 02:06:27
da461de5-7e01-4a44-b18e-08ab613cd07a,dsposito1c@time.com,AyRafp26p,2020-12-23 06:46:33,2019-08-09 04:34:16
d939cdbd-7aa3-4711-b2d5-d87ff91b7e57,gmacqueen1d@nytimes.com,Bu9KFuA3,2018-01-22 02:06:09,2019-09-20 05:55:37
0feab26e-3fc4-4752-bde7-feb770ecde55,gbrewitt1e@facebook.com,5GvODpb,2020-03-23 19:33:35,2020-07-12 15:02:19
2f9f8483-6e81-4621-bc52-f82873162ae5,ymynard1f@msn.com,nakQc58G,2020-12-24 21:19:11,2018-07-08 22:14:50
965a3d3c-e636-46f1-a2bb-3d51f8099298,fslogrove1g@forbes.com,Ht269J,2018-05-07 18:56:20,2019-04-17 20:03:21
2e2a2cd4-5b45-4d2c-9dfc-6154ca67608e,jwehner1h@army.mil,o1eG8lwBqn,2020-05-15 12:45:33,2020-10-27 23:13:02
83b74572-3471-455d-8e15-2eef6cf15b75,dbondley1i@sfgate.com,iHo0fWJ,2018-02-11 22:54:46,2020-01-12 16:19:06
1aa24d9a-afff-4d00-84c9-990c01df2a78,rmcilraith1j@facebook.com,b0gjCo,2019-11-05 21:52:07,2020-10-25 19:11:05
7de26e3b-c678-4ad5-9e3c-b3ca44b367ba,gfonzo1k@github.io,tgYHety,2019-04-28 17:25:51,2019-11-02 18:31:41
fd58db71-658a-4f44-98e7-5325ea36df8a,cjansey1l@techcrunch.com,dW9GVLLn9IpI,2018-10-20 00:35:41,2018-05-16 12:18:23
65968bf3-9507-4b3b-bb63-087a72b187e6,nliddyard1m@columbia.edu,oUeEZle,2020-06-20 17:04:24,2018-11-02 20:20:06
dd2d92ad-9d78-4a74-8424-2d2702d77ca9,yriepel1n@list-manage.com,npXR0hX,2019-04-13 11:17:49,2018-06-21 05:17:49
6177daa5-666a-4a8c-b4e2-6e0ce83add47,icudworth1o@macromedia.com,tUiet1,2018-05-04 00:00:02,2019-08-29 19:43:29
ff27929a-ea81-4f65-bf7a-55a9e285fcb9,nmckitterick1p@weather.com,bSX6WDUV5N,2020-05-14 07:02:33,2020-08-21 19:26:45
6bcf3d22-5ab5-49d3-a5a5-04bb2604c2a2,rpischof1q@people.com.cn,fjh4P3MPGna,2020-11-24 02:09:15,2020-06-14 01:54:13
ccc4e2db-4a54-414a-a62a-efac3b9e4291,lmeadus1r@cloudflare.com,Bz01XI1L,2018-05-29 22:18:03,2020-12-06 00:28:47
9dbe2c1c-0136-4e3f-ab38-6b916d671e8e,dtimlin1s@youku.com,FLJr7Uw,2018-04-15 11:06:37,2018-01-04 17:17:27
576d9cd7-bad3-4f7d-93b6-c40935f1efa7,jogles1t@example.com,iYgkyY,2020-02-07 07:13:14,2020-07-02 07:08:05
333ac2ae-a6b6-4005-8890-3f5fb0fc6e45,spankhurst1u@uol.com.br,rXGkHs,2018-12-29 06:39:10,2018-12-14 05:24:33
8dd2ffbf-4398-482e-b37b-dbe741612e7c,hbrahams1v@archive.org,rULYcKJTp,2018-12-29 15:49:07,2018-08-27 02:32:24
ec3c4eed-203b-463a-b823-1bfb0d52940a,mbohills1w@mozilla.org,Qq76Vi2YtdR,2018-10-07 16:20:09,2019-11-20 12:41:04
412527d0-ee6b-42e6-a87b-206f5c775bea,hgumby1x@goo.gl,wUz4SYp,2018-11-24 22:59:15,2018-10-24 20:09:20
113e890d-7631-4ee0-9fa0-6477daf418ce,rmissington1y@tinyurl.com,vcNSas,2018-03-05 03:43:56,2018-06-16 11:58:12
b40ab42e-2f17-4207-ae62-9783e4172199,thayward1z@51.la,mglnuAZ0jb,2020-01-18 21:07:44,2020-05-23 07:17:16
4ee7e4ae-f5ea-4810-b765-d05906c1713a,wfearnall20@webs.com,PPBnZHtC1,2018-11-30 01:48:51,2018-06-18 08:23:22
987619b7-22a4-43bd-ac2a-5dbe47d073c3,jgamlin21@studiopress.com,lVGn7N02XmE3,2019-03-05 11:55:49,2018-10-14 13:26:07
5c0a19dc-8ce9-449d-bb47-837f7da29955,vmcgenn22@joomla.org,E1I5WGUyMo,2018-06-11 08:28:05,2018-08-24 02:29:36
56cecbca-b07d-4897-8204-25378b2af457,fdelias23@weather.com,hDhfBSd6Os0,2020-08-31 15:37:49,2018-11-22 03:36:18
5493b722-15f8-401d-aee3-86b4c38f1be3,hpellew24@dagondesign.com,jENSOgFiyst,2019-05-03 05:17:09,2018-02-06 03:38:43
bef8b026-82f0-48c5-a1a3-40f684a79e35,rcanfer25@boston.com,nxgxYKqItod,2020-04-21 13:52:08,2020-03-30 13:19:57
6a0ec6f6-18a3-4620-8961-93f02293673f,kdonnison26@1688.com,kffBLbs,2018-06-01 22:49:15,2019-08-12 04:42:45
3223c874-99a9-4ac8-827f-d016e30da512,jgreste27@businesswire.com,CpNHZ6dc,2018-07-02 11:06:37,2020-07-07 21:56:47
aede515b-785a-476b-9513-5c3254511295,aandrich28@typepad.com,L22iIN,2018-06-16 13:05:27,2018-06-04 21:23:03
eaf5359f-6989-4ce8-a875-411a5df32a4a,stows29@zimbio.com,ZSc5Zae,2020-12-31 11:05:44,2020-02-26 12:03:35
932c93c8-9c75-402f-9b8b-6fa67d3af983,amoat2a@wiley.com,MMMsbN,2019-02-25 20:05:58,2018-10-14 16:03:14
25b5f079-8716-4919-a3a4-701ba5f4547e,gkopec2b@phoca.cz,lGqEGcX0kEF,2019-11-13 00:28:53,2018-07-18 10:09:02
1d044ee7-0351-4c9b-ad7e-f3897612f855,mproudler2c@twitpic.com,BZ29FZR,2019-07-28 04:14:22,2020-09-27 15:58:08
fb0c3bf4-2189-4287-820b-474015483ec1,kpaine2d@rakuten.co.jp,TeuaMoYVgPq,2020-09-08 16:45:53,2018-09-23 19:41:18
c0043855-05e3-4a02-bf54-43a70946a422,bbraganca2e@example.com,fJiXVMW,2019-12-22 06:40:42,2018-08-24 22:15:42
7161e99b-565d-4129-9d7d-a93601457405,cklainer2f@plala.or.jp,0ImwEzDj3wu0,2020-02-21 04:23:35,2020-01-08 21:40:02
f24bd62f-675d-4065-8092-6d64b9087635,mgoalby2g@yahoo.com,tSuulzjp,2018-07-30 04:10:53,2019-10-29 23:48:55
2b455221-fdd2-4368-8e57-97d69869a250,asabater2h@reverbnation.com,TWsPIG0TK6l,2020-05-21 15:47:18,2019-05-23 06:10:00
818bc6ca-dd6b-4db9-85e3-8b9c570cd3dd,ddines2i@amazonaws.com,quWLHC,2018-05-30 23:30:46,2019-11-09 15:07:37
c57d63e6-327c-4cea-bb0d-700fd5a28bbc,fnoore2j@samsung.com,ecbwqC4f,2018-01-27 22:41:28,2018-07-27 22:08:03
a6ae63ab-116e-4685-b394-b953efb57926,gsoan2k@networkadvertising.org,fy8HHjj,2018-07-20 06:07:15,2018-12-30 06:58:41
879ed740-daaa-43b5-a2ca-280a783f1f53,ydreinan2l@dailymotion.com,iLMEH0,2018-06-08 15:22:41,2018-02-02 18:41:12
3da828f9-56f1-4999-b547-dc50757b93a4,sbrinkworth2m@g.co,cCByKmc,2019-01-23 10:40:28,2020-06-16 20:17:02
b3ab9d03-f735-4516-8f93-16b278d6c038,mbowring2n@twitter.com,qsOniaalMyb,2019-07-28 03:19:18,2019-12-04 20:25:01
e65f343c-e57c-41bb-9d76-8d02b29864c3,cbromet2o@chicagotribune.com,7fvIloXuzdlL,2019-05-10 08:00:50,2019-04-18 01:04:48
74db1e82-b486-471b-a3fa-68a60ab71f30,cwainwright2p@tripod.com,FdwQBfRid,2020-10-13 02:07:10,2018-05-14 22:44:12
da116fef-f1a7-4798-936e-a41784b62a8b,dminster2q@discuz.net,8c2pLK,2019-01-26 21:24:43,2018-03-18 13:17:36
cdd676c9-4011-4494-8370-2ecf8e6fe23f,clindback2r@admin.ch,HsmiQgaTLF,2020-04-14 22:54:48,2019-05-08 12:31:52
